split,speaker_id,utterance_id,path,is_unknown
train,2412,2412-153947-0000,C:\Users\ben04\Desktop\speaker_id_project\data\raw_readable\LibriSpeech\dev-clean\2412\153947\2412-153947-0000.flac,False
train,2412,2412-153947-0001,C:\Users\ben04\Desktop\speaker_id_project\data\raw_readable\LibriSpeech\dev-clean\2412\153947\2412-153947-0001.flac,False
train,2412,2412-153947-0002,C:\Users\ben04\Desktop\speaker_id_project\data\raw_readable\LibriSpeech\dev-clean\2412\153947\2412-153947-0002.flac,False
train,2412,2412-153947-0003,C:\Users\ben04\Desktop\speaker_id_project\data\raw_readable\LibriSpeech\dev-clean\2412\153947\2412-153947-0003.flac,False
train,2412,2412-153947-0004,C:\Users\ben04\Desktop\speaker_id_project\data\raw_readable\LibriSpeech\dev-clean\2412\153947\2412-153947-0004.flac,False
train,2412,2412-153947-0005,C:\Users\ben04\Desktop\speaker_id_project\data\raw_readable\LibriSpeech\dev-clean\2412\153947\2412-153947-0005.flac,False
train,2412,2412-153947-0006,C:\Users\ben04\Desktop\speaker_id_project\data\raw_readable\LibriSpeech\dev-clean\2412\153947\2412-153947-0006.flac,False
train,2412,2412-153947-0007,C:\Users\ben04\Desktop\speaker_id_project\data\raw_readable\LibriSpeech\dev-clean\2412\153947\2412-153947-0007.flac,False
train,2412,2412-153947-0008,C:\Users\ben04\Desktop\speaker_id_project\data\raw_readable\LibriSpeech\dev-clean\2412\153947\2412-153947-0008.flac,False
train,2412,2412-153947-0009,C:\Users\ben04\Desktop\speaker_id_project\data\raw_readable\LibriSpeech\dev-clean\2412\153947\2412-153947-0009.flac,False
train,2412,2412-153947-0010,C:\Users\ben04\Desktop\speaker_id_project\data\raw_readable\LibriSpeech\dev-clean\2412\153947\2412-153947-0010.flac,False
train,2412,2412-153947-0011,C:\Users\ben04\Desktop\speaker_id_project\data\raw_readable\LibriSpeech\dev-clean\2412\153947\2412-153947-0011.flac,False
train,2412,2412-153947-0012,C:\Users\ben04\Desktop\speaker_id_project\data\raw_readable\LibriSpeech\dev-clean\2412\153947\2412-153947-0012.flac,False
train,2412,2412-153947-0013,C:\Users\ben04\Desktop\speaker_id_project\data\raw_readable\LibriSpeech\dev-clean\2412\153947\2412-153947-0013.flac,False
train,2412,2412-153947-0014,C:\Users\ben04\Desktop\speaker_id_project\data\raw_readable\LibriSpeech\dev-clean\2412\153947\2412-153947-0014.flac,False
train,2412,2412-153947-0015,C:\Users\ben04\Desktop\speaker_id_project\data\raw_readable\LibriSpeech\dev-clean\2412\153947\2412-153947-0015.flac,False
train,2412,2412-153947-0016,C:\Users\ben04\Desktop\speaker_id_project\data\raw_readable\LibriSpeech\dev-clean\2412\153947\2412-153947-0016.flac,False
train,2412,2412-153948-0000,C:\Users\ben04\Desktop\speaker_id_project\data\raw_readable\LibriSpeech\dev-clean\2412\153948\2412-153948-0000.flac,False
train,2412,2412-153948-0001,C:\Users\ben04\Desktop\speaker_id_project\data\raw_readable\LibriSpeech\dev-clean\2412\153948\2412-153948-0001.flac,False
train,2412,2412-153948-0002,C:\Users\ben04\Desktop\speaker_id_project\data\raw_readable\LibriSpeech\dev-clean\2412\153948\2412-153948-0002.flac,False
train,2412,2412-153948-0003,C:\Users\ben04\Desktop\speaker_id_project\data\raw_readable\LibriSpeech\dev-clean\2412\153948\2412-153948-0003.flac,False
train,2412,2412-153948-0004,C:\Users\ben04\Desktop\speaker_id_project\data\raw_readable\LibriSpeech\dev-clean\2412\153948\2412-153948-0004.flac,False
train,2412,2412-153948-0005,C:\Users\ben04\Desktop\speaker_id_project\data\raw_readable\LibriSpeech\dev-clean\2412\153948\2412-153948-0005.flac,False
train,2412,2412-153948-0006,C:\Users\ben04\Desktop\speaker_id_project\data\raw_readable\LibriSpeech\dev-clean\2412\153948\2412-153948-0006.flac,False
train,2412,2412-153948-0007,C:\Users\ben04\Desktop\speaker_id_project\data\raw_readable\LibriSpeech\dev-clean\2412\153948\2412-153948-0007.flac,False
train,2412,2412-153948-0008,C:\Users\ben04\Desktop\speaker_id_project\data\raw_readable\LibriSpeech\dev-clean\2412\153948\2412-153948-0008.flac,False
train,2412,2412-153948-0009,C:\Users\ben04\Desktop\speaker_id_project\data\raw_readable\LibriSpeech\dev-clean\2412\153948\2412-153948-0009.flac,False
train,2412,2412-153948-0010,C:\Users\ben04\Desktop\speaker_id_project\data\raw_readable\LibriSpeech\dev-clean\2412\153948\2412-153948-0010.flac,False
val,2412,2412-153948-0011,C:\Users\ben04\Desktop\speaker_id_project\data\raw_readable\LibriSpeech\dev-clean\2412\153948\2412-153948-0011.flac,False
val,2412,2412-153948-0012,C:\Users\ben04\Desktop\speaker_id_project\data\raw_readable\LibriSpeech\dev-clean\2412\153948\2412-153948-0012.flac,False
val,2412,2412-153948-0013,C:\Users\ben04\Desktop\speaker_id_project\data\raw_readable\LibriSpeech\dev-clean\2412\153948\2412-153948-0013.flac,False
val,2412,2412-153948-0014,C:\Users\ben04\Desktop\speaker_id_project\data\raw_readable\LibriSpeech\dev-clean\2412\153948\2412-153948-0014.flac,False
val,2412,2412-153948-0015,C:\Users\ben04\Desktop\speaker_id_project\data\raw_readable\LibriSpeech\dev-clean\2412\153948\2412-153948-0015.flac,False
val,2412,2412-153954-0000,C:\Users\ben04\Desktop\speaker_id_project\data\raw_readable\LibriSpeech\dev-clean\2412\153954\2412-153954-0000.flac,False
test,2412,2412-153954-0001,C:\Users\ben04\Desktop\speaker_id_project\data\raw_readable\LibriSpeech\dev-clean\2412\153954\2412-153954-0001.flac,False
test,2412,2412-153954-0002,C:\Users\ben04\Desktop\speaker_id_project\data\raw_readable\LibriSpeech\dev-clean\2412\153954\2412-153954-0002.flac,False
test,2412,2412-153954-0003,C:\Users\ben04\Desktop\speaker_id_project\data\raw_readable\LibriSpeech\dev-clean\2412\153954\2412-153954-0003.flac,False
test,2412,2412-153954-0004,C:\Users\ben04\Desktop\speaker_id_project\data\raw_readable\LibriSpeech\dev-clean\2412\153954\2412-153954-0004.flac,False
test,2412,2412-153954-0005,C:\Users\ben04\Desktop\speaker_id_project\data\raw_readable\LibriSpeech\dev-clean\2412\153954\2412-153954-0005.flac,False
test,2412,2412-153954-0006,C:\Users\ben04\Desktop\speaker_id_project\data\raw_readable\LibriSpeech\dev-clean\2412\153954\2412-153954-0006.flac,False
train,7850,7850-111771-0000,C:\Users\ben04\Desktop\speaker_id_project\data\raw_readable\LibriSpeech\dev-clean\7850\111771\7850-111771-0000.flac,False
train,7850,7850-111771-0001,C:\Users\ben04\Desktop\speaker_id_project\data\raw_readable\LibriSpeech\dev-clean\7850\111771\7850-111771-0001.flac,False
train,7850,7850-111771-0002,C:\Users\ben04\Desktop\speaker_id_project\data\raw_readable\LibriSpeech\dev-clean\7850\111771\7850-111771-0002.flac,False
train,7850,7850-111771-0003,C:\Users\ben04\Desktop\speaker_id_project\data\raw_readable\LibriSpeech\dev-clean\7850\111771\7850-111771-0003.flac,False
train,7850,7850-111771-0004,C:\Users\ben04\Desktop\speaker_id_project\data\raw_readable\LibriSpeech\dev-clean\7850\111771\7850-111771-0004.flac,False
train,7850,7850-111771-0005,C:\Users\ben04\Desktop\speaker_id_project\data\raw_readable\LibriSpeech\dev-clean\7850\111771\7850-111771-0005.flac,False
train,7850,7850-111771-0006,C:\Users\ben04\Desktop\speaker_id_project\data\raw_readable\LibriSpeech\dev-clean\7850\111771\7850-111771-0006.flac,False
train,7850,7850-111771-0007,C:\Users\ben04\Desktop\speaker_id_project\data\raw_readable\LibriSpeech\dev-clean\7850\111771\7850-111771-0007.flac,False
train,7850,7850-111771-0008,C:\Users\ben04\Desktop\speaker_id_project\data\raw_readable\LibriSpeech\dev-clean\7850\111771\7850-111771-0008.flac,False
train,7850,7850-111771-0009,C:\Users\ben04\Desktop\speaker_id_project\data\raw_readable\LibriSpeech\dev-clean\7850\111771\7850-111771-0009.flac,False
train,7850,7850-281318-0000,C:\Users\ben04\Desktop\speaker_id_project\data\raw_readable\LibriSpeech\dev-clean\7850\281318\7850-281318-0000.flac,False
train,7850,7850-281318-0001,C:\Users\ben04\Desktop\speaker_id_project\data\raw_readable\LibriSpeech\dev-clean\7850\281318\7850-281318-0001.flac,False
train,7850,7850-281318-0002,C:\Users\ben04\Desktop\speaker_id_project\data\raw_readable\LibriSpeech\dev-clean\7850\281318\7850-281318-0002.flac,False
train,7850,7850-281318-0003,C:\Users\ben04\Desktop\speaker_id_project\data\raw_readable\LibriSpeech\dev-clean\7850\281318\7850-281318-0003.flac,False
train,7850,7850-281318-0004,C:\Users\ben04\Desktop\speaker_id_project\data\raw_readable\LibriSpeech\dev-clean\7850\281318\7850-281318-0004.flac,False
train,7850,7850-281318-0005,C:\Users\ben04\Desktop\speaker_id_project\data\raw_readable\LibriSpeech\dev-clean\7850\281318\7850-281318-0005.flac,False
train,7850,7850-281318-0006,C:\Users\ben04\Desktop\speaker_id_project\data\raw_readable\LibriSpeech\dev-clean\7850\281318\7850-281318-0006.flac,False
train,7850,7850-281318-0007,C:\Users\ben04\Desktop\speaker_id_project\data\raw_readable\LibriSpeech\dev-clean\7850\281318\7850-281318-0007.flac,False
train,7850,7850-281318-0008,C:\Users\ben04\Desktop\speaker_id_project\data\raw_readable\LibriSpeech\dev-clean\7850\281318\7850-281318-0008.flac,False
train,7850,7850-281318-0009,C:\Users\ben04\Desktop\speaker_id_project\data\raw_readable\LibriSpeech\dev-clean\7850\281318\7850-281318-0009.flac,False
train,7850,7850-281318-0010,C:\Users\ben04\Desktop\speaker_id_project\data\raw_readable\LibriSpeech\dev-clean\7850\281318\7850-281318-0010.flac,False
train,7850,7850-281318-0011,C:\Users\ben04\Desktop\speaker_id_project\data\raw_readable\LibriSpeech\dev-clean\7850\281318\7850-281318-0011.flac,False
train,7850,7850-281318-0012,C:\Users\ben04\Desktop\speaker_id_project\data\raw_readable\LibriSpeech\dev-clean\7850\281318\7850-281318-0012.flac,False
train,7850,7850-281318-0013,C:\Users\ben04\Desktop\speaker_id_project\data\raw_readable\LibriSpeech\dev-clean\7850\281318\7850-281318-0013.flac,False
train,7850,7850-281318-0014,C:\Users\ben04\Desktop\speaker_id_project\data\raw_readable\LibriSpeech\dev-clean\7850\281318\7850-281318-0014.flac,False
train,7850,7850-281318-0015,C:\Users\ben04\Desktop\speaker_id_project\data\raw_readable\LibriSpeech\dev-clean\7850\281318\7850-281318-0015.flac,False
train,7850,7850-281318-0016,C:\Users\ben04\Desktop\speaker_id_project\data\raw_readable\LibriSpeech\dev-clean\7850\281318\7850-281318-0016.flac,False
train,7850,7850-281318-0017,C:\Users\ben04\Desktop\speaker_id_project\data\raw_readable\LibriSpeech\dev-clean\7850\281318\7850-281318-0017.flac,False
val,7850,7850-281318-0018,C:\Users\ben04\Desktop\speaker_id_project\data\raw_readable\LibriSpeech\dev-clean\7850\281318\7850-281318-0018.flac,False
val,7850,7850-281318-0019,C:\Users\ben04\Desktop\speaker_id_project\data\raw_readable\LibriSpeech\dev-clean\7850\281318\7850-281318-0019.flac,False
val,7850,7850-281318-0020,C:\Users\ben04\Desktop\speaker_id_project\data\raw_readable\LibriSpeech\dev-clean\7850\281318\7850-281318-0020.flac,False
val,7850,7850-281318-0021,C:\Users\ben04\Desktop\speaker_id_project\data\raw_readable\LibriSpeech\dev-clean\7850\281318\7850-281318-0021.flac,False
val,7850,7850-281318-0022,C:\Users\ben04\Desktop\speaker_id_project\data\raw_readable\LibriSpeech\dev-clean\7850\281318\7850-281318-0022.flac,False
val,7850,7850-281318-0023,C:\Users\ben04\Desktop\speaker_id_project\data\raw_readable\LibriSpeech\dev-clean\7850\281318\7850-281318-0023.flac,False
test,7850,7850-286674-0000,C:\Users\ben04\Desktop\speaker_id_project\data\raw_readable\LibriSpeech\dev-clean\7850\286674\7850-286674-0000.flac,False
test,7850,7850-286674-0001,C:\Users\ben04\Desktop\speaker_id_project\data\raw_readable\LibriSpeech\dev-clean\7850\286674\7850-286674-0001.flac,False
test,7850,7850-286674-0002,C:\Users\ben04\Desktop\speaker_id_project\data\raw_readable\LibriSpeech\dev-clean\7850\286674\7850-286674-0002.flac,False
test,7850,7850-286674-0003,C:\Users\ben04\Desktop\speaker_id_project\data\raw_readable\LibriSpeech\dev-clean\7850\286674\7850-286674-0003.flac,False
test,7850,7850-286674-0004,C:\Users\ben04\Desktop\speaker_id_project\data\raw_readable\LibriSpeech\dev-clean\7850\286674\7850-286674-0004.flac,False
test,7850,7850-286674-0005,C:\Users\ben04\Desktop\speaker_id_project\data\raw_readable\LibriSpeech\dev-clean\7850\286674\7850-286674-0005.flac,False
train,2277,2277-149874-0000,C:\Users\ben04\Desktop\speaker_id_project\data\raw_readable\LibriSpeech\dev-clean\2277\149874\2277-149874-0000.flac,False
train,2277,2277-149874-0001,C:\Users\ben04\Desktop\speaker_id_project\data\raw_readable\LibriSpeech\dev-clean\2277\149874\2277-149874-0001.flac,False
train,2277,2277-149874-0002,C:\Users\ben04\Desktop\speaker_id_project\data\raw_readable\LibriSpeech\dev-clean\2277\149874\2277-149874-0002.flac,False
train,2277,2277-149874-0003,C:\Users\ben04\Desktop\speaker_id_project\data\raw_readable\LibriSpeech\dev-clean\2277\149874\2277-149874-0003.flac,False
train,2277,2277-149874-0004,C:\Users\ben04\Desktop\speaker_id_project\data\raw_readable\LibriSpeech\dev-clean\2277\149874\2277-149874-0004.flac,False
train,2277,2277-149874-0005,C:\Users\ben04\Desktop\speaker_id_project\data\raw_readable\LibriSpeech\dev-clean\2277\149874\2277-149874-0005.flac,False
train,2277,2277-149874-0006,C:\Users\ben04\Desktop\speaker_id_project\data\raw_readable\LibriSpeech\dev-clean\2277\149874\2277-149874-0006.flac,False
train,2277,2277-149874-0007,C:\Users\ben04\Desktop\speaker_id_project\data\raw_readable\LibriSpeech\dev-clean\2277\149874\2277-149874-0007.flac,False
train,2277,2277-149874-0008,C:\Users\ben04\Desktop\speaker_id_project\data\raw_readable\LibriSpeech\dev-clean\2277\149874\2277-149874-0008.flac,False
train,2277,2277-149874-0009,C:\Users\ben04\Desktop\speaker_id_project\data\raw_readable\LibriSpeech\dev-clean\2277\149874\2277-149874-0009.flac,False
train,2277,2277-149874-0010,C:\Users\ben04\Desktop\speaker_id_project\data\raw_readable\LibriSpeech\dev-clean\2277\149874\2277-149874-0010.flac,False
train,2277,2277-149874-0011,C:\Users\ben04\Desktop\speaker_id_project\data\raw_readable\LibriSpeech\dev-clean\2277\149874\2277-149874-0011.flac,False
train,2277,2277-149874-0012,C:\Users\ben04\Desktop\speaker_id_project\data\raw_readable\LibriSpeech\dev-clean\2277\149874\2277-149874-0012.flac,False
train,2277,2277-149874-0013,C:\Users\ben04\Desktop\speaker_id_project\data\raw_readable\LibriSpeech\dev-clean\2277\149874\2277-149874-0013.flac,False
train,2277,2277-149874-0014,C:\Users\ben04\Desktop\speaker_id_project\data\raw_readable\LibriSpeech\dev-clean\2277\149874\2277-149874-0014.flac,False
train,2277,2277-149874-0015,C:\Users\ben04\Desktop\speaker_id_project\data\raw_readable\LibriSpeech\dev-clean\2277\149874\2277-149874-0015.flac,False
train,2277,2277-149874-0016,C:\Users\ben04\Desktop\speaker_id_project\data\raw_readable\LibriSpeech\dev-clean\2277\149874\2277-149874-0016.flac,False
train,2277,2277-149874-0017,C:\Users\ben04\Desktop\speaker_id_project\data\raw_readable\LibriSpeech\dev-clean\2277\149874\2277-149874-0017.flac,False
train,2277,2277-149874-0018,C:\Users\ben04\Desktop\speaker_id_project\data\raw_readable\LibriSpeech\dev-clean\2277\149874\2277-149874-0018.flac,False
train,2277,2277-149874-0019,C:\Users\ben04\Desktop\speaker_id_project\data\raw_readable\LibriSpeech\dev-clean\2277\149874\2277-149874-0019.flac,False
train,2277,2277-149874-0020,C:\Users\ben04\Desktop\speaker_id_project\data\raw_readable\LibriSpeech\dev-clean\2277\149874\2277-149874-0020.flac,False
train,2277,2277-149874-0021,C:\Users\ben04\Desktop\speaker_id_project\data\raw_readable\LibriSpeech\dev-clean\2277\149874\2277-149874-0021.flac,False
train,2277,2277-149896-0000,C:\Users\ben04\Desktop\speaker_id_project\data\raw_readable\LibriSpeech\dev-clean\2277\149896\2277-149896-0000.flac,False
train,2277,2277-149896-0001,C:\Users\ben04\Desktop\speaker_id_project\data\raw_readable\LibriSpeech\dev-clean\2277\149896\2277-149896-0001.flac,False
train,2277,2277-149896-0002,C:\Users\ben04\Desktop\speaker_id_project\data\raw_readable\LibriSpeech\dev-clean\2277\149896\2277-149896-0002.flac,False
train,2277,2277-149896-0003,C:\Users\ben04\Desktop\speaker_id_project\data\raw_readable\LibriSpeech\dev-clean\2277\149896\2277-149896-0003.flac,False
train,2277,2277-149896-0004,C:\Users\ben04\Desktop\speaker_id_project\data\raw_readable\LibriSpeech\dev-clean\2277\149896\2277-149896-0004.flac,False
train,2277,2277-149896-0005,C:\Users\ben04\Desktop\speaker_id_project\data\raw_readable\LibriSpeech\dev-clean\2277\149896\2277-149896-0005.flac,False
val,2277,2277-149896-0006,C:\Users\ben04\Desktop\speaker_id_project\data\raw_readable\LibriSpeech\dev-clean\2277\149896\2277-149896-0006.flac,False
val,2277,2277-149896-0007,C:\Users\ben04\Desktop\speaker_id_project\data\raw_readable\LibriSpeech\dev-clean\2277\149896\2277-149896-0007.flac,False
val,2277,2277-149896-0008,C:\Users\ben04\Desktop\speaker_id_project\data\raw_readable\LibriSpeech\dev-clean\2277\149896\2277-149896-0008.flac,False
val,2277,2277-149896-0009,C:\Users\ben04\Desktop\speaker_id_project\data\raw_readable\LibriSpeech\dev-clean\2277\149896\2277-149896-0009.flac,False
val,2277,2277-149896-0010,C:\Users\ben04\Desktop\speaker_id_project\data\raw_readable\LibriSpeech\dev-clean\2277\149896\2277-149896-0010.flac,False
val,2277,2277-149896-0011,C:\Users\ben04\Desktop\speaker_id_project\data\raw_readable\LibriSpeech\dev-clean\2277\149896\2277-149896-0011.flac,False
test,2277,2277-149896-0012,C:\Users\ben04\Desktop\speaker_id_project\data\raw_readable\LibriSpeech\dev-clean\2277\149896\2277-149896-0012.flac,False
test,2277,2277-149896-0013,C:\Users\ben04\Desktop\speaker_id_project\data\raw_readable\LibriSpeech\dev-clean\2277\149896\2277-149896-0013.flac,False
test,2277,2277-149896-0014,C:\Users\ben04\Desktop\speaker_id_project\data\raw_readable\LibriSpeech\dev-clean\2277\149896\2277-149896-0014.flac,False
test,2277,2277-149896-0015,C:\Users\ben04\Desktop\speaker_id_project\data\raw_readable\LibriSpeech\dev-clean\2277\149896\2277-149896-0015.flac,False
test,2277,2277-149896-0016,C:\Users\ben04\Desktop\speaker_id_project\data\raw_readable\LibriSpeech\dev-clean\2277\149896\2277-149896-0016.flac,False
test,2277,2277-149896-0017,C:\Users\ben04\Desktop\speaker_id_project\data\raw_readable\LibriSpeech\dev-clean\2277\149896\2277-149896-0017.flac,False
train,777,777-126732-0000,C:\Users\ben04\Desktop\speaker_id_project\data\raw_readable\LibriSpeech\dev-clean\777\126732\777-126732-0000.flac,False
train,777,777-126732-0001,C:\Users\ben04\Desktop\speaker_id_project\data\raw_readable\LibriSpeech\dev-clean\777\126732\777-126732-0001.flac,False
train,777,777-126732-0002,C:\Users\ben04\Desktop\speaker_id_project\data\raw_readable\LibriSpeech\dev-clean\777\126732\777-126732-0002.flac,False
train,777,777-126732-0003,C:\Users\ben04\Desktop\speaker_id_project\data\raw_readable\LibriSpeech\dev-clean\777\126732\777-126732-0003.flac,False
train,777,777-126732-0004,C:\Users\ben04\Desktop\speaker_id_project\data\raw_readable\LibriSpeech\dev-clean\777\126732\777-126732-0004.flac,False
train,777,777-126732-0005,C:\Users\ben04\Desktop\speaker_id_project\data\raw_readable\LibriSpeech\dev-clean\777\126732\777-126732-0005.flac,False
train,777,777-126732-0006,C:\Users\ben04\Desktop\speaker_id_project\data\raw_readable\LibriSpeech\dev-clean\777\126732\777-126732-0006.flac,False
train,777,777-126732-0007,C:\Users\ben04\Desktop\speaker_id_project\data\raw_readable\LibriSpeech\dev-clean\777\126732\777-126732-0007.flac,False
train,777,777-126732-0008,C:\Users\ben04\Desktop\speaker_id_project\data\raw_readable\LibriSpeech\dev-clean\777\126732\777-126732-0008.flac,False
train,777,777-126732-0009,C:\Users\ben04\Desktop\speaker_id_project\data\raw_readable\LibriSpeech\dev-clean\777\126732\777-126732-0009.flac,False
train,777,777-126732-0010,C:\Users\ben04\Desktop\speaker_id_project\data\raw_readable\LibriSpeech\dev-clean\777\126732\777-126732-0010.flac,False
train,777,777-126732-0011,C:\Users\ben04\Desktop\speaker_id_project\data\raw_readable\LibriSpeech\dev-clean\777\126732\777-126732-0011.flac,False
train,777,777-126732-0012,C:\Users\ben04\Desktop\speaker_id_project\data\raw_readable\LibriSpeech\dev-clean\777\126732\777-126732-0012.flac,False
train,777,777-126732-0013,C:\Users\ben04\Desktop\speaker_id_project\data\raw_readable\LibriSpeech\dev-clean\777\126732\777-126732-0013.flac,False
train,777,777-126732-0014,C:\Users\ben04\Desktop\speaker_id_project\data\raw_readable\LibriSpeech\dev-clean\777\126732\777-126732-0014.flac,False
train,777,777-126732-0015,C:\Users\ben04\Desktop\speaker_id_project\data\raw_readable\LibriSpeech\dev-clean\777\126732\777-126732-0015.flac,False
train,777,777-126732-0016,C:\Users\ben04\Desktop\speaker_id_project\data\raw_readable\LibriSpeech\dev-clean\777\126732\777-126732-0016.flac,False
train,777,777-126732-0017,C:\Users\ben04\Desktop\speaker_id_project\data\raw_readable\LibriSpeech\dev-clean\777\126732\777-126732-0017.flac,False
train,777,777-126732-0018,C:\Users\ben04\Desktop\speaker_id_project\data\raw_readable\LibriSpeech\dev-clean\777\126732\777-126732-0018.flac,False
train,777,777-126732-0019,C:\Users\ben04\Desktop\speaker_id_project\data\raw_readable\LibriSpeech\dev-clean\777\126732\777-126732-0019.flac,False
train,777,777-126732-0020,C:\Users\ben04\Desktop\speaker_id_project\data\raw_readable\LibriSpeech\dev-clean\777\126732\777-126732-0020.flac,False
train,777,777-126732-0021,C:\Users\ben04\Desktop\speaker_id_project\data\raw_readable\LibriSpeech\dev-clean\777\126732\777-126732-0021.flac,False
train,777,777-126732-0022,C:\Users\ben04\Desktop\speaker_id_project\data\raw_readable\LibriSpeech\dev-clean\777\126732\777-126732-0022.flac,False
train,777,777-126732-0023,C:\Users\ben04\Desktop\speaker_id_project\data\raw_readable\LibriSpeech\dev-clean\777\126732\777-126732-0023.flac,False
train,777,777-126732-0024,C:\Users\ben04\Desktop\speaker_id_project\data\raw_readable\LibriSpeech\dev-clean\777\126732\777-126732-0024.flac,False
train,777,777-126732-0025,C:\Users\ben04\Desktop\speaker_id_project\data\raw_readable\LibriSpeech\dev-clean\777\126732\777-126732-0025.flac,False
train,777,777-126732-0026,C:\Users\ben04\Desktop\speaker_id_project\data\raw_readable\LibriSpeech\dev-clean\777\126732\777-126732-0026.flac,False
train,777,777-126732-0027,C:\Users\ben04\Desktop\speaker_id_project\data\raw_readable\LibriSpeech\dev-clean\777\126732\777-126732-0027.flac,False
val,777,777-126732-0028,C:\Users\ben04\Desktop\speaker_id_project\data\raw_readable\LibriSpeech\dev-clean\777\126732\777-126732-0028.flac,False
val,777,777-126732-0029,C:\Users\ben04\Desktop\speaker_id_project\data\raw_readable\LibriSpeech\dev-clean\777\126732\777-126732-0029.flac,False
val,777,777-126732-0030,C:\Users\ben04\Desktop\speaker_id_project\data\raw_readable\LibriSpeech\dev-clean\777\126732\777-126732-0030.flac,False
val,777,777-126732-0031,C:\Users\ben04\Desktop\speaker_id_project\data\raw_readable\LibriSpeech\dev-clean\777\126732\777-126732-0031.flac,False
val,777,777-126732-0032,C:\Users\ben04\Desktop\speaker_id_project\data\raw_readable\LibriSpeech\dev-clean\777\126732\777-126732-0032.flac,False
val,777,777-126732-0033,C:\Users\ben04\Desktop\speaker_id_project\data\raw_readable\LibriSpeech\dev-clean\777\126732\777-126732-0033.flac,False
test,777,777-126732-0034,C:\Users\ben04\Desktop\speaker_id_project\data\raw_readable\LibriSpeech\dev-clean\777\126732\777-126732-0034.flac,False
test,777,777-126732-0035,C:\Users\ben04\Desktop\speaker_id_project\data\raw_readable\LibriSpeech\dev-clean\777\126732\777-126732-0035.flac,False
test,777,777-126732-0036,C:\Users\ben04\Desktop\speaker_id_project\data\raw_readable\LibriSpeech\dev-clean\777\126732\777-126732-0036.flac,False
test,777,777-126732-0037,C:\Users\ben04\Desktop\speaker_id_project\data\raw_readable\LibriSpeech\dev-clean\777\126732\777-126732-0037.flac,False
test,777,777-126732-0038,C:\Users\ben04\Desktop\speaker_id_project\data\raw_readable\LibriSpeech\dev-clean\777\126732\777-126732-0038.flac,False
test,777,777-126732-0039,C:\Users\ben04\Desktop\speaker_id_project\data\raw_readable\LibriSpeech\dev-clean\777\126732\777-126732-0039.flac,False
train,7976,7976-105575-0000,C:\Users\ben04\Desktop\speaker_id_project\data\raw_readable\LibriSpeech\dev-clean\7976\105575\7976-105575-0000.flac,False
train,7976,7976-105575-0001,C:\Users\ben04\Desktop\speaker_id_project\data\raw_readable\LibriSpeech\dev-clean\7976\105575\7976-105575-0001.flac,False
train,7976,7976-105575-0002,C:\Users\ben04\Desktop\speaker_id_project\data\raw_readable\LibriSpeech\dev-clean\7976\105575\7976-105575-0002.flac,False
train,7976,7976-105575-0003,C:\Users\ben04\Desktop\speaker_id_project\data\raw_readable\LibriSpeech\dev-clean\7976\105575\7976-105575-0003.flac,False
train,7976,7976-105575-0004,C:\Users\ben04\Desktop\speaker_id_project\data\raw_readable\LibriSpeech\dev-clean\7976\105575\7976-105575-0004.flac,False
train,7976,7976-105575-0005,C:\Users\ben04\Desktop\speaker_id_project\data\raw_readable\LibriSpeech\dev-clean\7976\105575\7976-105575-0005.flac,False
train,7976,7976-105575-0006,C:\Users\ben04\Desktop\speaker_id_project\data\raw_readable\LibriSpeech\dev-clean\7976\105575\7976-105575-0006.flac,False
train,7976,7976-105575-0007,C:\Users\ben04\Desktop\speaker_id_project\data\raw_readable\LibriSpeech\dev-clean\7976\105575\7976-105575-0007.flac,False
train,7976,7976-105575-0008,C:\Users\ben04\Desktop\speaker_id_project\data\raw_readable\LibriSpeech\dev-clean\7976\105575\7976-105575-0008.flac,False
train,7976,7976-105575-0009,C:\Users\ben04\Desktop\speaker_id_project\data\raw_readable\LibriSpeech\dev-clean\7976\105575\7976-105575-0009.flac,False
train,7976,7976-105575-0010,C:\Users\ben04\Desktop\speaker_id_project\data\raw_readable\LibriSpeech\dev-clean\7976\105575\7976-105575-0010.flac,False
train,7976,7976-105575-0011,C:\Users\ben04\Desktop\speaker_id_project\data\raw_readable\LibriSpeech\dev-clean\7976\105575\7976-105575-0011.flac,False
train,7976,7976-105575-0012,C:\Users\ben04\Desktop\speaker_id_project\data\raw_readable\LibriSpeech\dev-clean\7976\105575\7976-105575-0012.flac,False
train,7976,7976-105575-0013,C:\Users\ben04\Desktop\speaker_id_project\data\raw_readable\LibriSpeech\dev-clean\7976\105575\7976-105575-0013.flac,False
train,7976,7976-105575-0014,C:\Users\ben04\Desktop\speaker_id_project\data\raw_readable\LibriSpeech\dev-clean\7976\105575\7976-105575-0014.flac,False
train,7976,7976-105575-0015,C:\Users\ben04\Desktop\speaker_id_project\data\raw_readable\LibriSpeech\dev-clean\7976\105575\7976-105575-0015.flac,False
train,7976,7976-105575-0016,C:\Users\ben04\Desktop\speaker_id_project\data\raw_readable\LibriSpeech\dev-clean\7976\105575\7976-105575-0016.flac,False
train,7976,7976-105575-0017,C:\Users\ben04\Desktop\speaker_id_project\data\raw_readable\LibriSpeech\dev-clean\7976\105575\7976-105575-0017.flac,False
train,7976,7976-105575-0018,C:\Users\ben04\Desktop\speaker_id_project\data\raw_readable\LibriSpeech\dev-clean\7976\105575\7976-105575-0018.flac,False
train,7976,7976-105575-0019,C:\Users\ben04\Desktop\speaker_id_project\data\raw_readable\LibriSpeech\dev-clean\7976\105575\7976-105575-0019.flac,False
train,7976,7976-105575-0020,C:\Users\ben04\Desktop\speaker_id_project\data\raw_readable\LibriSpeech\dev-clean\7976\105575\7976-105575-0020.flac,False
train,7976,7976-105575-0021,C:\Users\ben04\Desktop\speaker_id_project\data\raw_readable\LibriSpeech\dev-clean\7976\105575\7976-105575-0021.flac,False
train,7976,7976-105575-0022,C:\Users\ben04\Desktop\speaker_id_project\data\raw_readable\LibriSpeech\dev-clean\7976\105575\7976-105575-0022.flac,False
train,7976,7976-105575-0023,C:\Users\ben04\Desktop\speaker_id_project\data\raw_readable\LibriSpeech\dev-clean\7976\105575\7976-105575-0023.flac,False
train,7976,7976-105575-0024,C:\Users\ben04\Desktop\speaker_id_project\data\raw_readable\LibriSpeech\dev-clean\7976\105575\7976-105575-0024.flac,False
train,7976,7976-105575-0025,C:\Users\ben04\Desktop\speaker_id_project\data\raw_readable\LibriSpeech\dev-clean\7976\105575\7976-105575-0025.flac,False
train,7976,7976-105575-0026,C:\Users\ben04\Desktop\speaker_id_project\data\raw_readable\LibriSpeech\dev-clean\7976\105575\7976-105575-0026.flac,False
train,7976,7976-105575-0027,C:\Users\ben04\Desktop\speaker_id_project\data\raw_readable\LibriSpeech\dev-clean\7976\105575\7976-105575-0027.flac,False
val,7976,7976-105575-0028,C:\Users\ben04\Desktop\speaker_id_project\data\raw_readable\LibriSpeech\dev-clean\7976\105575\7976-105575-0028.flac,False
val,7976,7976-105575-0029,C:\Users\ben04\Desktop\speaker_id_project\data\raw_readable\LibriSpeech\dev-clean\7976\105575\7976-105575-0029.flac,False
val,7976,7976-110124-0000,C:\Users\ben04\Desktop\speaker_id_project\data\raw_readable\LibriSpeech\dev-clean\7976\110124\7976-110124-0000.flac,False
val,7976,7976-110124-0001,C:\Users\ben04\Desktop\speaker_id_project\data\raw_readable\LibriSpeech\dev-clean\7976\110124\7976-110124-0001.flac,False
val,7976,7976-110124-0002,C:\Users\ben04\Desktop\speaker_id_project\data\raw_readable\LibriSpeech\dev-clean\7976\110124\7976-110124-0002.flac,False
val,7976,7976-110124-0003,C:\Users\ben04\Desktop\speaker_id_project\data\raw_readable\LibriSpeech\dev-clean\7976\110124\7976-110124-0003.flac,False
test,7976,7976-110124-0004,C:\Users\ben04\Desktop\speaker_id_project\data\raw_readable\LibriSpeech\dev-clean\7976\110124\7976-110124-0004.flac,False
test,7976,7976-110124-0005,C:\Users\ben04\Desktop\speaker_id_project\data\raw_readable\LibriSpeech\dev-clean\7976\110124\7976-110124-0005.flac,False
test,7976,7976-110124-0006,C:\Users\ben04\Desktop\speaker_id_project\data\raw_readable\LibriSpeech\dev-clean\7976\110124\7976-110124-0006.flac,False
test,7976,7976-110124-0007,C:\Users\ben04\Desktop\speaker_id_project\data\raw_readable\LibriSpeech\dev-clean\7976\110124\7976-110124-0007.flac,False
test,7976,7976-110124-0008,C:\Users\ben04\Desktop\speaker_id_project\data\raw_readable\LibriSpeech\dev-clean\7976\110124\7976-110124-0008.flac,False
test,7976,7976-110124-0009,C:\Users\ben04\Desktop\speaker_id_project\data\raw_readable\LibriSpeech\dev-clean\7976\110124\7976-110124-0009.flac,False
train,6319,6319-275224-0000,C:\Users\ben04\Desktop\speaker_id_project\data\raw_readable\LibriSpeech\dev-clean\6319\275224\6319-275224-0000.flac,False
train,6319,6319-275224-0001,C:\Users\ben04\Desktop\speaker_id_project\data\raw_readable\LibriSpeech\dev-clean\6319\275224\6319-275224-0001.flac,False
train,6319,6319-275224-0002,C:\Users\ben04\Desktop\speaker_id_project\data\raw_readable\LibriSpeech\dev-clean\6319\275224\6319-275224-0002.flac,False
train,6319,6319-275224-0003,C:\Users\ben04\Desktop\speaker_id_project\data\raw_readable\LibriSpeech\dev-clean\6319\275224\6319-275224-0003.flac,False
train,6319,6319-275224-0004,C:\Users\ben04\Desktop\speaker_id_project\data\raw_readable\LibriSpeech\dev-clean\6319\275224\6319-275224-0004.flac,False
train,6319,6319-275224-0005,C:\Users\ben04\Desktop\speaker_id_project\data\raw_readable\LibriSpeech\dev-clean\6319\275224\6319-275224-0005.flac,False
train,6319,6319-275224-0006,C:\Users\ben04\Desktop\speaker_id_project\data\raw_readable\LibriSpeech\dev-clean\6319\275224\6319-275224-0006.flac,False
train,6319,6319-275224-0007,C:\Users\ben04\Desktop\speaker_id_project\data\raw_readable\LibriSpeech\dev-clean\6319\275224\6319-275224-0007.flac,False
train,6319,6319-275224-0008,C:\Users\ben04\Desktop\speaker_id_project\data\raw_readable\LibriSpeech\dev-clean\6319\275224\6319-275224-0008.flac,False
train,6319,6319-275224-0009,C:\Users\ben04\Desktop\speaker_id_project\data\raw_readable\LibriSpeech\dev-clean\6319\275224\6319-275224-0009.flac,False
train,6319,6319-275224-0010,C:\Users\ben04\Desktop\speaker_id_project\data\raw_readable\LibriSpeech\dev-clean\6319\275224\6319-275224-0010.flac,False
train,6319,6319-275224-0011,C:\Users\ben04\Desktop\speaker_id_project\data\raw_readable\LibriSpeech\dev-clean\6319\275224\6319-275224-0011.flac,False
train,6319,6319-275224-0012,C:\Users\ben04\Desktop\speaker_id_project\data\raw_readable\LibriSpeech\dev-clean\6319\275224\6319-275224-0012.flac,False
train,6319,6319-275224-0013,C:\Users\ben04\Desktop\speaker_id_project\data\raw_readable\LibriSpeech\dev-clean\6319\275224\6319-275224-0013.flac,False
train,6319,6319-275224-0014,C:\Users\ben04\Desktop\speaker_id_project\data\raw_readable\LibriSpeech\dev-clean\6319\275224\6319-275224-0014.flac,False
train,6319,6319-275224-0015,C:\Users\ben04\Desktop\speaker_id_project\data\raw_readable\LibriSpeech\dev-clean\6319\275224\6319-275224-0015.flac,False
train,6319,6319-275224-0016,C:\Users\ben04\Desktop\speaker_id_project\data\raw_readable\LibriSpeech\dev-clean\6319\275224\6319-275224-0016.flac,False
train,6319,6319-275224-0017,C:\Users\ben04\Desktop\speaker_id_project\data\raw_readable\LibriSpeech\dev-clean\6319\275224\6319-275224-0017.flac,False
train,6319,6319-275224-0018,C:\Users\ben04\Desktop\speaker_id_project\data\raw_readable\LibriSpeech\dev-clean\6319\275224\6319-275224-0018.flac,False
train,6319,6319-275224-0019,C:\Users\ben04\Desktop\speaker_id_project\data\raw_readable\LibriSpeech\dev-clean\6319\275224\6319-275224-0019.flac,False
train,6319,6319-275224-0020,C:\Users\ben04\Desktop\speaker_id_project\data\raw_readable\LibriSpeech\dev-clean\6319\275224\6319-275224-0020.flac,False
train,6319,6319-57405-0000,C:\Users\ben04\Desktop\speaker_id_project\data\raw_readable\LibriSpeech\dev-clean\6319\57405\6319-57405-0000.flac,False
train,6319,6319-57405-0001,C:\Users\ben04\Desktop\speaker_id_project\data\raw_readable\LibriSpeech\dev-clean\6319\57405\6319-57405-0001.flac,False
train,6319,6319-57405-0002,C:\Users\ben04\Desktop\speaker_id_project\data\raw_readable\LibriSpeech\dev-clean\6319\57405\6319-57405-0002.flac,False
train,6319,6319-57405-0003,C:\Users\ben04\Desktop\speaker_id_project\data\raw_readable\LibriSpeech\dev-clean\6319\57405\6319-57405-0003.flac,False
train,6319,6319-57405-0004,C:\Users\ben04\Desktop\speaker_id_project\data\raw_readable\LibriSpeech\dev-clean\6319\57405\6319-57405-0004.flac,False
train,6319,6319-57405-0005,C:\Users\ben04\Desktop\speaker_id_project\data\raw_readable\LibriSpeech\dev-clean\6319\57405\6319-57405-0005.flac,False
train,6319,6319-57405-0006,C:\Users\ben04\Desktop\speaker_id_project\data\raw_readable\LibriSpeech\dev-clean\6319\57405\6319-57405-0006.flac,False
val,6319,6319-57405-0007,C:\Users\ben04\Desktop\speaker_id_project\data\raw_readable\LibriSpeech\dev-clean\6319\57405\6319-57405-0007.flac,False
val,6319,6319-57405-0008,C:\Users\ben04\Desktop\speaker_id_project\data\raw_readable\LibriSpeech\dev-clean\6319\57405\6319-57405-0008.flac,False
val,6319,6319-57405-0009,C:\Users\ben04\Desktop\speaker_id_project\data\raw_readable\LibriSpeech\dev-clean\6319\57405\6319-57405-0009.flac,False
val,6319,6319-57405-0010,C:\Users\ben04\Desktop\speaker_id_project\data\raw_readable\LibriSpeech\dev-clean\6319\57405\6319-57405-0010.flac,False
val,6319,6319-57405-0011,C:\Users\ben04\Desktop\speaker_id_project\data\raw_readable\LibriSpeech\dev-clean\6319\57405\6319-57405-0011.flac,False
val,6319,6319-57405-0012,C:\Users\ben04\Desktop\speaker_id_project\data\raw_readable\LibriSpeech\dev-clean\6319\57405\6319-57405-0012.flac,False
test,6319,6319-64726-0000,C:\Users\ben04\Desktop\speaker_id_project\data\raw_readable\LibriSpeech\dev-clean\6319\64726\6319-64726-0000.flac,False
test,6319,6319-64726-0001,C:\Users\ben04\Desktop\speaker_id_project\data\raw_readable\LibriSpeech\dev-clean\6319\64726\6319-64726-0001.flac,False
test,6319,6319-64726-0002,C:\Users\ben04\Desktop\speaker_id_project\data\raw_readable\LibriSpeech\dev-clean\6319\64726\6319-64726-0002.flac,False
test,6319,6319-64726-0003,C:\Users\ben04\Desktop\speaker_id_project\data\raw_readable\LibriSpeech\dev-clean\6319\64726\6319-64726-0003.flac,False
test,6319,6319-64726-0004,C:\Users\ben04\Desktop\speaker_id_project\data\raw_readable\LibriSpeech\dev-clean\6319\64726\6319-64726-0004.flac,False
test,6319,6319-64726-0005,C:\Users\ben04\Desktop\speaker_id_project\data\raw_readable\LibriSpeech\dev-clean\6319\64726\6319-64726-0005.flac,False
train,2428,2428-83699-0000,C:\Users\ben04\Desktop\speaker_id_project\data\raw_readable\LibriSpeech\dev-clean\2428\83699\2428-83699-0000.flac,False
train,2428,2428-83699-0001,C:\Users\ben04\Desktop\speaker_id_project\data\raw_readable\LibriSpeech\dev-clean\2428\83699\2428-83699-0001.flac,False
train,2428,2428-83699-0002,C:\Users\ben04\Desktop\speaker_id_project\data\raw_readable\LibriSpeech\dev-clean\2428\83699\2428-83699-0002.flac,False
train,2428,2428-83699-0003,C:\Users\ben04\Desktop\speaker_id_project\data\raw_readable\LibriSpeech\dev-clean\2428\83699\2428-83699-0003.flac,False
train,2428,2428-83699-0004,C:\Users\ben04\Desktop\speaker_id_project\data\raw_readable\LibriSpeech\dev-clean\2428\83699\2428-83699-0004.flac,False
train,2428,2428-83699-0005,C:\Users\ben04\Desktop\speaker_id_project\data\raw_readable\LibriSpeech\dev-clean\2428\83699\2428-83699-0005.flac,False
train,2428,2428-83699-0006,C:\Users\ben04\Desktop\speaker_id_project\data\raw_readable\LibriSpeech\dev-clean\2428\83699\2428-83699-0006.flac,False
train,2428,2428-83699-0007,C:\Users\ben04\Desktop\speaker_id_project\data\raw_readable\LibriSpeech\dev-clean\2428\83699\2428-83699-0007.flac,False
train,2428,2428-83699-0008,C:\Users\ben04\Desktop\speaker_id_project\data\raw_readable\LibriSpeech\dev-clean\2428\83699\2428-83699-0008.flac,False
train,2428,2428-83699-0009,C:\Users\ben04\Desktop\speaker_id_project\data\raw_readable\LibriSpeech\dev-clean\2428\83699\2428-83699-0009.flac,False
train,2428,2428-83699-0010,C:\Users\ben04\Desktop\speaker_id_project\data\raw_readable\LibriSpeech\dev-clean\2428\83699\2428-83699-0010.flac,False
train,2428,2428-83699-0011,C:\Users\ben04\Desktop\speaker_id_project\data\raw_readable\LibriSpeech\dev-clean\2428\83699\2428-83699-0011.flac,False
train,2428,2428-83699-0012,C:\Users\ben04\Desktop\speaker_id_project\data\raw_readable\LibriSpeech\dev-clean\2428\83699\2428-83699-0012.flac,False
train,2428,2428-83699-0013,C:\Users\ben04\Desktop\speaker_id_project\data\raw_readable\LibriSpeech\dev-clean\2428\83699\2428-83699-0013.flac,False
train,2428,2428-83699-0014,C:\Users\ben04\Desktop\speaker_id_project\data\raw_readable\LibriSpeech\dev-clean\2428\83699\2428-83699-0014.flac,False
train,2428,2428-83699-0015,C:\Users\ben04\Desktop\speaker_id_project\data\raw_readable\LibriSpeech\dev-clean\2428\83699\2428-83699-0015.flac,False
train,2428,2428-83699-0016,C:\Users\ben04\Desktop\speaker_id_project\data\raw_readable\LibriSpeech\dev-clean\2428\83699\2428-83699-0016.flac,False
train,2428,2428-83699-0017,C:\Users\ben04\Desktop\speaker_id_project\data\raw_readable\LibriSpeech\dev-clean\2428\83699\2428-83699-0017.flac,False
train,2428,2428-83699-0018,C:\Users\ben04\Desktop\speaker_id_project\data\raw_readable\LibriSpeech\dev-clean\2428\83699\2428-83699-0018.flac,False
train,2428,2428-83699-0019,C:\Users\ben04\Desktop\speaker_id_project\data\raw_readable\LibriSpeech\dev-clean\2428\83699\2428-83699-0019.flac,False
train,2428,2428-83699-0020,C:\Users\ben04\Desktop\speaker_id_project\data\raw_readable\LibriSpeech\dev-clean\2428\83699\2428-83699-0020.flac,False
train,2428,2428-83699-0021,C:\Users\ben04\Desktop\speaker_id_project\data\raw_readable\LibriSpeech\dev-clean\2428\83699\2428-83699-0021.flac,False
train,2428,2428-83699-0022,C:\Users\ben04\Desktop\speaker_id_project\data\raw_readable\LibriSpeech\dev-clean\2428\83699\2428-83699-0022.flac,False
train,2428,2428-83699-0023,C:\Users\ben04\Desktop\speaker_id_project\data\raw_readable\LibriSpeech\dev-clean\2428\83699\2428-83699-0023.flac,False
train,2428,2428-83699-0024,C:\Users\ben04\Desktop\speaker_id_project\data\raw_readable\LibriSpeech\dev-clean\2428\83699\2428-83699-0024.flac,False
train,2428,2428-83699-0025,C:\Users\ben04\Desktop\speaker_id_project\data\raw_readable\LibriSpeech\dev-clean\2428\83699\2428-83699-0025.flac,False
train,2428,2428-83699-0026,C:\Users\ben04\Desktop\speaker_id_project\data\raw_readable\LibriSpeech\dev-clean\2428\83699\2428-83699-0026.flac,False
train,2428,2428-83699-0027,C:\Users\ben04\Desktop\speaker_id_project\data\raw_readable\LibriSpeech\dev-clean\2428\83699\2428-83699-0027.flac,False
val,2428,2428-83699-0028,C:\Users\ben04\Desktop\speaker_id_project\data\raw_readable\LibriSpeech\dev-clean\2428\83699\2428-83699-0028.flac,False
val,2428,2428-83699-0029,C:\Users\ben04\Desktop\speaker_id_project\data\raw_readable\LibriSpeech\dev-clean\2428\83699\2428-83699-0029.flac,False
val,2428,2428-83699-0030,C:\Users\ben04\Desktop\speaker_id_project\data\raw_readable\LibriSpeech\dev-clean\2428\83699\2428-83699-0030.flac,False
val,2428,2428-83699-0031,C:\Users\ben04\Desktop\speaker_id_project\data\raw_readable\LibriSpeech\dev-clean\2428\83699\2428-83699-0031.flac,False
val,2428,2428-83699-0032,C:\Users\ben04\Desktop\speaker_id_project\data\raw_readable\LibriSpeech\dev-clean\2428\83699\2428-83699-0032.flac,False
val,2428,2428-83699-0033,C:\Users\ben04\Desktop\speaker_id_project\data\raw_readable\LibriSpeech\dev-clean\2428\83699\2428-83699-0033.flac,False
test,2428,2428-83699-0034,C:\Users\ben04\Desktop\speaker_id_project\data\raw_readable\LibriSpeech\dev-clean\2428\83699\2428-83699-0034.flac,False
test,2428,2428-83699-0035,C:\Users\ben04\Desktop\speaker_id_project\data\raw_readable\LibriSpeech\dev-clean\2428\83699\2428-83699-0035.flac,False
test,2428,2428-83699-0036,C:\Users\ben04\Desktop\speaker_id_project\data\raw_readable\LibriSpeech\dev-clean\2428\83699\2428-83699-0036.flac,False
test,2428,2428-83699-0037,C:\Users\ben04\Desktop\speaker_id_project\data\raw_readable\LibriSpeech\dev-clean\2428\83699\2428-83699-0037.flac,False
test,2428,2428-83699-0038,C:\Users\ben04\Desktop\speaker_id_project\data\raw_readable\LibriSpeech\dev-clean\2428\83699\2428-83699-0038.flac,False
test,2428,2428-83699-0039,C:\Users\ben04\Desktop\speaker_id_project\data\raw_readable\LibriSpeech\dev-clean\2428\83699\2428-83699-0039.flac,False
train,1988,1988-147956-0000,C:\Users\ben04\Desktop\speaker_id_project\data\raw_readable\LibriSpeech\dev-clean\1988\147956\1988-147956-0000.flac,False
train,1988,1988-147956-0001,C:\Users\ben04\Desktop\speaker_id_project\data\raw_readable\LibriSpeech\dev-clean\1988\147956\1988-147956-0001.flac,False
train,1988,1988-147956-0002,C:\Users\ben04\Desktop\speaker_id_project\data\raw_readable\LibriSpeech\dev-clean\1988\147956\1988-147956-0002.flac,False
train,1988,1988-147956-0003,C:\Users\ben04\Desktop\speaker_id_project\data\raw_readable\LibriSpeech\dev-clean\1988\147956\1988-147956-0003.flac,False
train,1988,1988-147956-0004,C:\Users\ben04\Desktop\speaker_id_project\data\raw_readable\LibriSpeech\dev-clean\1988\147956\1988-147956-0004.flac,False
train,1988,1988-147956-0005,C:\Users\ben04\Desktop\speaker_id_project\data\raw_readable\LibriSpeech\dev-clean\1988\147956\1988-147956-0005.flac,False
train,1988,1988-147956-0006,C:\Users\ben04\Desktop\speaker_id_project\data\raw_readable\LibriSpeech\dev-clean\1988\147956\1988-147956-0006.flac,False
train,1988,1988-147956-0007,C:\Users\ben04\Desktop\speaker_id_project\data\raw_readable\LibriSpeech\dev-clean\1988\147956\1988-147956-0007.flac,False
train,1988,1988-147956-0008,C:\Users\ben04\Desktop\speaker_id_project\data\raw_readable\LibriSpeech\dev-clean\1988\147956\1988-147956-0008.flac,False
train,1988,1988-147956-0009,C:\Users\ben04\Desktop\speaker_id_project\data\raw_readable\LibriSpeech\dev-clean\1988\147956\1988-147956-0009.flac,False
train,1988,1988-147956-0010,C:\Users\ben04\Desktop\speaker_id_project\data\raw_readable\LibriSpeech\dev-clean\1988\147956\1988-147956-0010.flac,False
train,1988,1988-147956-0011,C:\Users\ben04\Desktop\speaker_id_project\data\raw_readable\LibriSpeech\dev-clean\1988\147956\1988-147956-0011.flac,False
train,1988,1988-147956-0012,C:\Users\ben04\Desktop\speaker_id_project\data\raw_readable\LibriSpeech\dev-clean\1988\147956\1988-147956-0012.flac,False
train,1988,1988-147956-0013,C:\Users\ben04\Desktop\speaker_id_project\data\raw_readable\LibriSpeech\dev-clean\1988\147956\1988-147956-0013.flac,False
train,1988,1988-147956-0014,C:\Users\ben04\Desktop\speaker_id_project\data\raw_readable\LibriSpeech\dev-clean\1988\147956\1988-147956-0014.flac,False
train,1988,1988-147956-0015,C:\Users\ben04\Desktop\speaker_id_project\data\raw_readable\LibriSpeech\dev-clean\1988\147956\1988-147956-0015.flac,False
train,1988,1988-147956-0016,C:\Users\ben04\Desktop\speaker_id_project\data\raw_readable\LibriSpeech\dev-clean\1988\147956\1988-147956-0016.flac,False
train,1988,1988-147956-0017,C:\Users\ben04\Desktop\speaker_id_project\data\raw_readable\LibriSpeech\dev-clean\1988\147956\1988-147956-0017.flac,False
train,1988,1988-147956-0018,C:\Users\ben04\Desktop\speaker_id_project\data\raw_readable\LibriSpeech\dev-clean\1988\147956\1988-147956-0018.flac,False
train,1988,1988-147956-0019,C:\Users\ben04\Desktop\speaker_id_project\data\raw_readable\LibriSpeech\dev-clean\1988\147956\1988-147956-0019.flac,False
train,1988,1988-147956-0020,C:\Users\ben04\Desktop\speaker_id_project\data\raw_readable\LibriSpeech\dev-clean\1988\147956\1988-147956-0020.flac,False
train,1988,1988-147956-0021,C:\Users\ben04\Desktop\speaker_id_project\data\raw_readable\LibriSpeech\dev-clean\1988\147956\1988-147956-0021.flac,False
train,1988,1988-147956-0022,C:\Users\ben04\Desktop\speaker_id_project\data\raw_readable\LibriSpeech\dev-clean\1988\147956\1988-147956-0022.flac,False
train,1988,1988-147956-0023,C:\Users\ben04\Desktop\speaker_id_project\data\raw_readable\LibriSpeech\dev-clean\1988\147956\1988-147956-0023.flac,False
train,1988,1988-147956-0024,C:\Users\ben04\Desktop\speaker_id_project\data\raw_readable\LibriSpeech\dev-clean\1988\147956\1988-147956-0024.flac,False
train,1988,1988-147956-0025,C:\Users\ben04\Desktop\speaker_id_project\data\raw_readable\LibriSpeech\dev-clean\1988\147956\1988-147956-0025.flac,False
train,1988,1988-147956-0026,C:\Users\ben04\Desktop\speaker_id_project\data\raw_readable\LibriSpeech\dev-clean\1988\147956\1988-147956-0026.flac,False
train,1988,1988-147956-0027,C:\Users\ben04\Desktop\speaker_id_project\data\raw_readable\LibriSpeech\dev-clean\1988\147956\1988-147956-0027.flac,False
val,1988,1988-147956-0028,C:\Users\ben04\Desktop\speaker_id_project\data\raw_readable\LibriSpeech\dev-clean\1988\147956\1988-147956-0028.flac,False
val,1988,1988-147956-0029,C:\Users\ben04\Desktop\speaker_id_project\data\raw_readable\LibriSpeech\dev-clean\1988\147956\1988-147956-0029.flac,False
val,1988,1988-148538-0000,C:\Users\ben04\Desktop\speaker_id_project\data\raw_readable\LibriSpeech\dev-clean\1988\148538\1988-148538-0000.flac,False
val,1988,1988-148538-0001,C:\Users\ben04\Desktop\speaker_id_project\data\raw_readable\LibriSpeech\dev-clean\1988\148538\1988-148538-0001.flac,False
val,1988,1988-148538-0002,C:\Users\ben04\Desktop\speaker_id_project\data\raw_readable\LibriSpeech\dev-clean\1988\148538\1988-148538-0002.flac,False
val,1988,1988-148538-0003,C:\Users\ben04\Desktop\speaker_id_project\data\raw_readable\LibriSpeech\dev-clean\1988\148538\1988-148538-0003.flac,False
test,1988,1988-148538-0004,C:\Users\ben04\Desktop\speaker_id_project\data\raw_readable\LibriSpeech\dev-clean\1988\148538\1988-148538-0004.flac,False
test,1988,1988-148538-0005,C:\Users\ben04\Desktop\speaker_id_project\data\raw_readable\LibriSpeech\dev-clean\1988\148538\1988-148538-0005.flac,False
test,1988,1988-148538-0006,C:\Users\ben04\Desktop\speaker_id_project\data\raw_readable\LibriSpeech\dev-clean\1988\148538\1988-148538-0006.flac,False
test,1988,1988-148538-0007,C:\Users\ben04\Desktop\speaker_id_project\data\raw_readable\LibriSpeech\dev-clean\1988\148538\1988-148538-0007.flac,False
test,1988,1988-148538-0008,C:\Users\ben04\Desktop\speaker_id_project\data\raw_readable\LibriSpeech\dev-clean\1988\148538\1988-148538-0008.flac,False
test,1988,1988-148538-0009,C:\Users\ben04\Desktop\speaker_id_project\data\raw_readable\LibriSpeech\dev-clean\1988\148538\1988-148538-0009.flac,False
train,5895,5895-34615-0000,C:\Users\ben04\Desktop\speaker_id_project\data\raw_readable\LibriSpeech\dev-clean\5895\34615\5895-34615-0000.flac,False
train,5895,5895-34615-0001,C:\Users\ben04\Desktop\speaker_id_project\data\raw_readable\LibriSpeech\dev-clean\5895\34615\5895-34615-0001.flac,False
train,5895,5895-34615-0002,C:\Users\ben04\Desktop\speaker_id_project\data\raw_readable\LibriSpeech\dev-clean\5895\34615\5895-34615-0002.flac,False
train,5895,5895-34615-0003,C:\Users\ben04\Desktop\speaker_id_project\data\raw_readable\LibriSpeech\dev-clean\5895\34615\5895-34615-0003.flac,False
train,5895,5895-34615-0004,C:\Users\ben04\Desktop\speaker_id_project\data\raw_readable\LibriSpeech\dev-clean\5895\34615\5895-34615-0004.flac,False
train,5895,5895-34615-0005,C:\Users\ben04\Desktop\speaker_id_project\data\raw_readable\LibriSpeech\dev-clean\5895\34615\5895-34615-0005.flac,False
train,5895,5895-34615-0006,C:\Users\ben04\Desktop\speaker_id_project\data\raw_readable\LibriSpeech\dev-clean\5895\34615\5895-34615-0006.flac,False
train,5895,5895-34615-0007,C:\Users\ben04\Desktop\speaker_id_project\data\raw_readable\LibriSpeech\dev-clean\5895\34615\5895-34615-0007.flac,False
train,5895,5895-34615-0008,C:\Users\ben04\Desktop\speaker_id_project\data\raw_readable\LibriSpeech\dev-clean\5895\34615\5895-34615-0008.flac,False
train,5895,5895-34615-0009,C:\Users\ben04\Desktop\speaker_id_project\data\raw_readable\LibriSpeech\dev-clean\5895\34615\5895-34615-0009.flac,False
train,5895,5895-34615-0010,C:\Users\ben04\Desktop\speaker_id_project\data\raw_readable\LibriSpeech\dev-clean\5895\34615\5895-34615-0010.flac,False
train,5895,5895-34615-0011,C:\Users\ben04\Desktop\speaker_id_project\data\raw_readable\LibriSpeech\dev-clean\5895\34615\5895-34615-0011.flac,False
train,5895,5895-34615-0012,C:\Users\ben04\Desktop\speaker_id_project\data\raw_readable\LibriSpeech\dev-clean\5895\34615\5895-34615-0012.flac,False
train,5895,5895-34615-0013,C:\Users\ben04\Desktop\speaker_id_project\data\raw_readable\LibriSpeech\dev-clean\5895\34615\5895-34615-0013.flac,False
train,5895,5895-34615-0014,C:\Users\ben04\Desktop\speaker_id_project\data\raw_readable\LibriSpeech\dev-clean\5895\34615\5895-34615-0014.flac,False
train,5895,5895-34615-0015,C:\Users\ben04\Desktop\speaker_id_project\data\raw_readable\LibriSpeech\dev-clean\5895\34615\5895-34615-0015.flac,False
train,5895,5895-34615-0016,C:\Users\ben04\Desktop\speaker_id_project\data\raw_readable\LibriSpeech\dev-clean\5895\34615\5895-34615-0016.flac,False
train,5895,5895-34615-0017,C:\Users\ben04\Desktop\speaker_id_project\data\raw_readable\LibriSpeech\dev-clean\5895\34615\5895-34615-0017.flac,False
train,5895,5895-34615-0018,C:\Users\ben04\Desktop\speaker_id_project\data\raw_readable\LibriSpeech\dev-clean\5895\34615\5895-34615-0018.flac,False
train,5895,5895-34615-0019,C:\Users\ben04\Desktop\speaker_id_project\data\raw_readable\LibriSpeech\dev-clean\5895\34615\5895-34615-0019.flac,False
train,5895,5895-34615-0020,C:\Users\ben04\Desktop\speaker_id_project\data\raw_readable\LibriSpeech\dev-clean\5895\34615\5895-34615-0020.flac,False
train,5895,5895-34615-0021,C:\Users\ben04\Desktop\speaker_id_project\data\raw_readable\LibriSpeech\dev-clean\5895\34615\5895-34615-0021.flac,False
train,5895,5895-34622-0000,C:\Users\ben04\Desktop\speaker_id_project\data\raw_readable\LibriSpeech\dev-clean\5895\34622\5895-34622-0000.flac,False
train,5895,5895-34622-0001,C:\Users\ben04\Desktop\speaker_id_project\data\raw_readable\LibriSpeech\dev-clean\5895\34622\5895-34622-0001.flac,False
train,5895,5895-34622-0002,C:\Users\ben04\Desktop\speaker_id_project\data\raw_readable\LibriSpeech\dev-clean\5895\34622\5895-34622-0002.flac,False
train,5895,5895-34622-0003,C:\Users\ben04\Desktop\speaker_id_project\data\raw_readable\LibriSpeech\dev-clean\5895\34622\5895-34622-0003.flac,False
train,5895,5895-34622-0004,C:\Users\ben04\Desktop\speaker_id_project\data\raw_readable\LibriSpeech\dev-clean\5895\34622\5895-34622-0004.flac,False
train,5895,5895-34622-0005,C:\Users\ben04\Desktop\speaker_id_project\data\raw_readable\LibriSpeech\dev-clean\5895\34622\5895-34622-0005.flac,False
val,5895,5895-34622-0006,C:\Users\ben04\Desktop\speaker_id_project\data\raw_readable\LibriSpeech\dev-clean\5895\34622\5895-34622-0006.flac,False
val,5895,5895-34622-0007,C:\Users\ben04\Desktop\speaker_id_project\data\raw_readable\LibriSpeech\dev-clean\5895\34622\5895-34622-0007.flac,False
val,5895,5895-34622-0008,C:\Users\ben04\Desktop\speaker_id_project\data\raw_readable\LibriSpeech\dev-clean\5895\34622\5895-34622-0008.flac,False
val,5895,5895-34622-0009,C:\Users\ben04\Desktop\speaker_id_project\data\raw_readable\LibriSpeech\dev-clean\5895\34622\5895-34622-0009.flac,False
val,5895,5895-34622-0010,C:\Users\ben04\Desktop\speaker_id_project\data\raw_readable\LibriSpeech\dev-clean\5895\34622\5895-34622-0010.flac,False
val,5895,5895-34622-0011,C:\Users\ben04\Desktop\speaker_id_project\data\raw_readable\LibriSpeech\dev-clean\5895\34622\5895-34622-0011.flac,False
test,5895,5895-34622-0012,C:\Users\ben04\Desktop\speaker_id_project\data\raw_readable\LibriSpeech\dev-clean\5895\34622\5895-34622-0012.flac,False
test,5895,5895-34622-0013,C:\Users\ben04\Desktop\speaker_id_project\data\raw_readable\LibriSpeech\dev-clean\5895\34622\5895-34622-0013.flac,False
test,5895,5895-34622-0014,C:\Users\ben04\Desktop\speaker_id_project\data\raw_readable\LibriSpeech\dev-clean\5895\34622\5895-34622-0014.flac,False
test,5895,5895-34622-0015,C:\Users\ben04\Desktop\speaker_id_project\data\raw_readable\LibriSpeech\dev-clean\5895\34622\5895-34622-0015.flac,False
test,5895,5895-34622-0016,C:\Users\ben04\Desktop\speaker_id_project\data\raw_readable\LibriSpeech\dev-clean\5895\34622\5895-34622-0016.flac,False
test,5895,5895-34622-0017,C:\Users\ben04\Desktop\speaker_id_project\data\raw_readable\LibriSpeech\dev-clean\5895\34622\5895-34622-0017.flac,False
train,6345,6345-64257-0000,C:\Users\ben04\Desktop\speaker_id_project\data\raw_readable\LibriSpeech\dev-clean\6345\64257\6345-64257-0000.flac,False
train,6345,6345-64257-0001,C:\Users\ben04\Desktop\speaker_id_project\data\raw_readable\LibriSpeech\dev-clean\6345\64257\6345-64257-0001.flac,False
train,6345,6345-64257-0002,C:\Users\ben04\Desktop\speaker_id_project\data\raw_readable\LibriSpeech\dev-clean\6345\64257\6345-64257-0002.flac,False
train,6345,6345-64257-0003,C:\Users\ben04\Desktop\speaker_id_project\data\raw_readable\LibriSpeech\dev-clean\6345\64257\6345-64257-0003.flac,False
train,6345,6345-64257-0004,C:\Users\ben04\Desktop\speaker_id_project\data\raw_readable\LibriSpeech\dev-clean\6345\64257\6345-64257-0004.flac,False
train,6345,6345-64257-0005,C:\Users\ben04\Desktop\speaker_id_project\data\raw_readable\LibriSpeech\dev-clean\6345\64257\6345-64257-0005.flac,False
train,6345,6345-64257-0006,C:\Users\ben04\Desktop\speaker_id_project\data\raw_readable\LibriSpeech\dev-clean\6345\64257\6345-64257-0006.flac,False
train,6345,6345-64257-0007,C:\Users\ben04\Desktop\speaker_id_project\data\raw_readable\LibriSpeech\dev-clean\6345\64257\6345-64257-0007.flac,False
train,6345,6345-64257-0008,C:\Users\ben04\Desktop\speaker_id_project\data\raw_readable\LibriSpeech\dev-clean\6345\64257\6345-64257-0008.flac,False
train,6345,6345-64257-0009,C:\Users\ben04\Desktop\speaker_id_project\data\raw_readable\LibriSpeech\dev-clean\6345\64257\6345-64257-0009.flac,False
train,6345,6345-64257-0010,C:\Users\ben04\Desktop\speaker_id_project\data\raw_readable\LibriSpeech\dev-clean\6345\64257\6345-64257-0010.flac,False
train,6345,6345-64257-0011,C:\Users\ben04\Desktop\speaker_id_project\data\raw_readable\LibriSpeech\dev-clean\6345\64257\6345-64257-0011.flac,False
train,6345,6345-64257-0012,C:\Users\ben04\Desktop\speaker_id_project\data\raw_readable\LibriSpeech\dev-clean\6345\64257\6345-64257-0012.flac,False
train,6345,6345-64257-0013,C:\Users\ben04\Desktop\speaker_id_project\data\raw_readable\LibriSpeech\dev-clean\6345\64257\6345-64257-0013.flac,False
train,6345,6345-64257-0014,C:\Users\ben04\Desktop\speaker_id_project\data\raw_readable\LibriSpeech\dev-clean\6345\64257\6345-64257-0014.flac,False
train,6345,6345-64257-0015,C:\Users\ben04\Desktop\speaker_id_project\data\raw_readable\LibriSpeech\dev-clean\6345\64257\6345-64257-0015.flac,False
train,6345,6345-64257-0016,C:\Users\ben04\Desktop\speaker_id_project\data\raw_readable\LibriSpeech\dev-clean\6345\64257\6345-64257-0016.flac,False
train,6345,6345-64257-0017,C:\Users\ben04\Desktop\speaker_id_project\data\raw_readable\LibriSpeech\dev-clean\6345\64257\6345-64257-0017.flac,False
train,6345,6345-64257-0018,C:\Users\ben04\Desktop\speaker_id_project\data\raw_readable\LibriSpeech\dev-clean\6345\64257\6345-64257-0018.flac,False
train,6345,6345-64257-0019,C:\Users\ben04\Desktop\speaker_id_project\data\raw_readable\LibriSpeech\dev-clean\6345\64257\6345-64257-0019.flac,False
train,6345,6345-64257-0020,C:\Users\ben04\Desktop\speaker_id_project\data\raw_readable\LibriSpeech\dev-clean\6345\64257\6345-64257-0020.flac,False
train,6345,6345-93302-0000,C:\Users\ben04\Desktop\speaker_id_project\data\raw_readable\LibriSpeech\dev-clean\6345\93302\6345-93302-0000.flac,False
train,6345,6345-93302-0001,C:\Users\ben04\Desktop\speaker_id_project\data\raw_readable\LibriSpeech\dev-clean\6345\93302\6345-93302-0001.flac,False
train,6345,6345-93302-0002,C:\Users\ben04\Desktop\speaker_id_project\data\raw_readable\LibriSpeech\dev-clean\6345\93302\6345-93302-0002.flac,False
train,6345,6345-93302-0003,C:\Users\ben04\Desktop\speaker_id_project\data\raw_readable\LibriSpeech\dev-clean\6345\93302\6345-93302-0003.flac,False
train,6345,6345-93302-0004,C:\Users\ben04\Desktop\speaker_id_project\data\raw_readable\LibriSpeech\dev-clean\6345\93302\6345-93302-0004.flac,False
train,6345,6345-93302-0005,C:\Users\ben04\Desktop\speaker_id_project\data\raw_readable\LibriSpeech\dev-clean\6345\93302\6345-93302-0005.flac,False
train,6345,6345-93302-0006,C:\Users\ben04\Desktop\speaker_id_project\data\raw_readable\LibriSpeech\dev-clean\6345\93302\6345-93302-0006.flac,False
val,6345,6345-93302-0007,C:\Users\ben04\Desktop\speaker_id_project\data\raw_readable\LibriSpeech\dev-clean\6345\93302\6345-93302-0007.flac,False
val,6345,6345-93302-0008,C:\Users\ben04\Desktop\speaker_id_project\data\raw_readable\LibriSpeech\dev-clean\6345\93302\6345-93302-0008.flac,False
val,6345,6345-93302-0009,C:\Users\ben04\Desktop\speaker_id_project\data\raw_readable\LibriSpeech\dev-clean\6345\93302\6345-93302-0009.flac,False
val,6345,6345-93302-0010,C:\Users\ben04\Desktop\speaker_id_project\data\raw_readable\LibriSpeech\dev-clean\6345\93302\6345-93302-0010.flac,False
val,6345,6345-93302-0011,C:\Users\ben04\Desktop\speaker_id_project\data\raw_readable\LibriSpeech\dev-clean\6345\93302\6345-93302-0011.flac,False
val,6345,6345-93302-0012,C:\Users\ben04\Desktop\speaker_id_project\data\raw_readable\LibriSpeech\dev-clean\6345\93302\6345-93302-0012.flac,False
test,6345,6345-93302-0013,C:\Users\ben04\Desktop\speaker_id_project\data\raw_readable\LibriSpeech\dev-clean\6345\93302\6345-93302-0013.flac,False
test,6345,6345-93302-0014,C:\Users\ben04\Desktop\speaker_id_project\data\raw_readable\LibriSpeech\dev-clean\6345\93302\6345-93302-0014.flac,False
test,6345,6345-93302-0015,C:\Users\ben04\Desktop\speaker_id_project\data\raw_readable\LibriSpeech\dev-clean\6345\93302\6345-93302-0015.flac,False
test,6345,6345-93302-0016,C:\Users\ben04\Desktop\speaker_id_project\data\raw_readable\LibriSpeech\dev-clean\6345\93302\6345-93302-0016.flac,False
test,6345,6345-93302-0017,C:\Users\ben04\Desktop\speaker_id_project\data\raw_readable\LibriSpeech\dev-clean\6345\93302\6345-93302-0017.flac,False
test,6345,6345-93302-0018,C:\Users\ben04\Desktop\speaker_id_project\data\raw_readable\LibriSpeech\dev-clean\6345\93302\6345-93302-0018.flac,False
unknown_val,6295,6295-244435-0000,C:\Users\ben04\Desktop\speaker_id_project\data\raw_readable\LibriSpeech\dev-clean\6295\244435\6295-244435-0000.flac,True
unknown_val,6295,6295-244435-0001,C:\Users\ben04\Desktop\speaker_id_project\data\raw_readable\LibriSpeech\dev-clean\6295\244435\6295-244435-0001.flac,True
unknown_val,6295,6295-244435-0002,C:\Users\ben04\Desktop\speaker_id_project\data\raw_readable\LibriSpeech\dev-clean\6295\244435\6295-244435-0002.flac,True
unknown_val,6295,6295-244435-0003,C:\Users\ben04\Desktop\speaker_id_project\data\raw_readable\LibriSpeech\dev-clean\6295\244435\6295-244435-0003.flac,True
unknown_val,6295,6295-244435-0004,C:\Users\ben04\Desktop\speaker_id_project\data\raw_readable\LibriSpeech\dev-clean\6295\244435\6295-244435-0004.flac,True
unknown_val,6295,6295-244435-0005,C:\Users\ben04\Desktop\speaker_id_project\data\raw_readable\LibriSpeech\dev-clean\6295\244435\6295-244435-0005.flac,True
unknown_test,6295,6295-244435-0006,C:\Users\ben04\Desktop\speaker_id_project\data\raw_readable\LibriSpeech\dev-clean\6295\244435\6295-244435-0006.flac,True
unknown_test,6295,6295-244435-0007,C:\Users\ben04\Desktop\speaker_id_project\data\raw_readable\LibriSpeech\dev-clean\6295\244435\6295-244435-0007.flac,True
unknown_test,6295,6295-244435-0008,C:\Users\ben04\Desktop\speaker_id_project\data\raw_readable\LibriSpeech\dev-clean\6295\244435\6295-244435-0008.flac,True
unknown_test,6295,6295-244435-0009,C:\Users\ben04\Desktop\speaker_id_project\data\raw_readable\LibriSpeech\dev-clean\6295\244435\6295-244435-0009.flac,True
unknown_test,6295,6295-244435-0010,C:\Users\ben04\Desktop\speaker_id_project\data\raw_readable\LibriSpeech\dev-clean\6295\244435\6295-244435-0010.flac,True
unknown_test,6295,6295-244435-0011,C:\Users\ben04\Desktop\speaker_id_project\data\raw_readable\LibriSpeech\dev-clean\6295\244435\6295-244435-0011.flac,True
unknown_val,3853,3853-163249-0000,C:\Users\ben04\Desktop\speaker_id_project\data\raw_readable\LibriSpeech\dev-clean\3853\163249\3853-163249-0000.flac,True
unknown_val,3853,3853-163249-0001,C:\Users\ben04\Desktop\speaker_id_project\data\raw_readable\LibriSpeech\dev-clean\3853\163249\3853-163249-0001.flac,True
unknown_val,3853,3853-163249-0002,C:\Users\ben04\Desktop\speaker_id_project\data\raw_readable\LibriSpeech\dev-clean\3853\163249\3853-163249-0002.flac,True
unknown_val,3853,3853-163249-0003,C:\Users\ben04\Desktop\speaker_id_project\data\raw_readable\LibriSpeech\dev-clean\3853\163249\3853-163249-0003.flac,True
unknown_val,3853,3853-163249-0004,C:\Users\ben04\Desktop\speaker_id_project\data\raw_readable\LibriSpeech\dev-clean\3853\163249\3853-163249-0004.flac,True
unknown_val,3853,3853-163249-0005,C:\Users\ben04\Desktop\speaker_id_project\data\raw_readable\LibriSpeech\dev-clean\3853\163249\3853-163249-0005.flac,True
unknown_test,3853,3853-163249-0006,C:\Users\ben04\Desktop\speaker_id_project\data\raw_readable\LibriSpeech\dev-clean\3853\163249\3853-163249-0006.flac,True
unknown_test,3853,3853-163249-0007,C:\Users\ben04\Desktop\speaker_id_project\data\raw_readable\LibriSpeech\dev-clean\3853\163249\3853-163249-0007.flac,True
unknown_test,3853,3853-163249-0008,C:\Users\ben04\Desktop\speaker_id_project\data\raw_readable\LibriSpeech\dev-clean\3853\163249\3853-163249-0008.flac,True
unknown_test,3853,3853-163249-0009,C:\Users\ben04\Desktop\speaker_id_project\data\raw_readable\LibriSpeech\dev-clean\3853\163249\3853-163249-0009.flac,True
unknown_test,3853,3853-163249-0010,C:\Users\ben04\Desktop\speaker_id_project\data\raw_readable\LibriSpeech\dev-clean\3853\163249\3853-163249-0010.flac,True
unknown_test,3853,3853-163249-0011,C:\Users\ben04\Desktop\speaker_id_project\data\raw_readable\LibriSpeech\dev-clean\3853\163249\3853-163249-0011.flac,True
unknown_val,1993,1993-147149-0000,C:\Users\ben04\Desktop\speaker_id_project\data\raw_readable\LibriSpeech\dev-clean\1993\147149\1993-147149-0000.flac,True
unknown_val,1993,1993-147149-0001,C:\Users\ben04\Desktop\speaker_id_project\data\raw_readable\LibriSpeech\dev-clean\1993\147149\1993-147149-0001.flac,True
unknown_val,1993,1993-147149-0002,C:\Users\ben04\Desktop\speaker_id_project\data\raw_readable\LibriSpeech\dev-clean\1993\147149\1993-147149-0002.flac,True
unknown_val,1993,1993-147149-0003,C:\Users\ben04\Desktop\speaker_id_project\data\raw_readable\LibriSpeech\dev-clean\1993\147149\1993-147149-0003.flac,True
unknown_val,1993,1993-147149-0004,C:\Users\ben04\Desktop\speaker_id_project\data\raw_readable\LibriSpeech\dev-clean\1993\147149\1993-147149-0004.flac,True
unknown_val,1993,1993-147149-0005,C:\Users\ben04\Desktop\speaker_id_project\data\raw_readable\LibriSpeech\dev-clean\1993\147149\1993-147149-0005.flac,True
unknown_test,1993,1993-147149-0006,C:\Users\ben04\Desktop\speaker_id_project\data\raw_readable\LibriSpeech\dev-clean\1993\147149\1993-147149-0006.flac,True
unknown_test,1993,1993-147149-0007,C:\Users\ben04\Desktop\speaker_id_project\data\raw_readable\LibriSpeech\dev-clean\1993\147149\1993-147149-0007.flac,True
unknown_test,1993,1993-147149-0008,C:\Users\ben04\Desktop\speaker_id_project\data\raw_readable\LibriSpeech\dev-clean\1993\147149\1993-147149-0008.flac,True
unknown_test,1993,1993-147149-0009,C:\Users\ben04\Desktop\speaker_id_project\data\raw_readable\LibriSpeech\dev-clean\1993\147149\1993-147149-0009.flac,True
unknown_test,1993,1993-147149-0010,C:\Users\ben04\Desktop\speaker_id_project\data\raw_readable\LibriSpeech\dev-clean\1993\147149\1993-147149-0010.flac,True
unknown_test,1993,1993-147149-0011,C:\Users\ben04\Desktop\speaker_id_project\data\raw_readable\LibriSpeech\dev-clean\1993\147149\1993-147149-0011.flac,True
unknown_val,5694,5694-64025-0000,C:\Users\ben04\Desktop\speaker_id_project\data\raw_readable\LibriSpeech\dev-clean\5694\64025\5694-64025-0000.flac,True
unknown_val,5694,5694-64025-0001,C:\Users\ben04\Desktop\speaker_id_project\data\raw_readable\LibriSpeech\dev-clean\5694\64025\5694-64025-0001.flac,True
unknown_val,5694,5694-64025-0002,C:\Users\ben04\Desktop\speaker_id_project\data\raw_readable\LibriSpeech\dev-clean\5694\64025\5694-64025-0002.flac,True
unknown_val,5694,5694-64025-0003,C:\Users\ben04\Desktop\speaker_id_project\data\raw_readable\LibriSpeech\dev-clean\5694\64025\5694-64025-0003.flac,True
unknown_val,5694,5694-64025-0004,C:\Users\ben04\Desktop\speaker_id_project\data\raw_readable\LibriSpeech\dev-clean\5694\64025\5694-64025-0004.flac,True
unknown_val,5694,5694-64025-0005,C:\Users\ben04\Desktop\speaker_id_project\data\raw_readable\LibriSpeech\dev-clean\5694\64025\5694-64025-0005.flac,True
unknown_test,5694,5694-64025-0006,C:\Users\ben04\Desktop\speaker_id_project\data\raw_readable\LibriSpeech\dev-clean\5694\64025\5694-64025-0006.flac,True
unknown_test,5694,5694-64025-0007,C:\Users\ben04\Desktop\speaker_id_project\data\raw_readable\LibriSpeech\dev-clean\5694\64025\5694-64025-0007.flac,True
unknown_test,5694,5694-64025-0008,C:\Users\ben04\Desktop\speaker_id_project\data\raw_readable\LibriSpeech\dev-clean\5694\64025\5694-64025-0008.flac,True
unknown_test,5694,5694-64025-0009,C:\Users\ben04\Desktop\speaker_id_project\data\raw_readable\LibriSpeech\dev-clean\5694\64025\5694-64025-0009.flac,True
unknown_test,5694,5694-64025-0010,C:\Users\ben04\Desktop\speaker_id_project\data\raw_readable\LibriSpeech\dev-clean\5694\64025\5694-64025-0010.flac,True
unknown_test,5694,5694-64025-0011,C:\Users\ben04\Desktop\speaker_id_project\data\raw_readable\LibriSpeech\dev-clean\5694\64025\5694-64025-0011.flac,True
unknown_val,2803,2803-154320-0000,C:\Users\ben04\Desktop\speaker_id_project\data\raw_readable\LibriSpeech\dev-clean\2803\154320\2803-154320-0000.flac,True
unknown_val,2803,2803-154320-0001,C:\Users\ben04\Desktop\speaker_id_project\data\raw_readable\LibriSpeech\dev-clean\2803\154320\2803-154320-0001.flac,True
unknown_val,2803,2803-154320-0002,C:\Users\ben04\Desktop\speaker_id_project\data\raw_readable\LibriSpeech\dev-clean\2803\154320\2803-154320-0002.flac,True
unknown_val,2803,2803-154320-0003,C:\Users\ben04\Desktop\speaker_id_project\data\raw_readable\LibriSpeech\dev-clean\2803\154320\2803-154320-0003.flac,True
unknown_val,2803,2803-154320-0004,C:\Users\ben04\Desktop\speaker_id_project\data\raw_readable\LibriSpeech\dev-clean\2803\154320\2803-154320-0004.flac,True
unknown_val,2803,2803-154320-0005,C:\Users\ben04\Desktop\speaker_id_project\data\raw_readable\LibriSpeech\dev-clean\2803\154320\2803-154320-0005.flac,True
unknown_test,2803,2803-154320-0006,C:\Users\ben04\Desktop\speaker_id_project\data\raw_readable\LibriSpeech\dev-clean\2803\154320\2803-154320-0006.flac,True
unknown_test,2803,2803-154320-0007,C:\Users\ben04\Desktop\speaker_id_project\data\raw_readable\LibriSpeech\dev-clean\2803\154320\2803-154320-0007.flac,True
unknown_test,2803,2803-154320-0008,C:\Users\ben04\Desktop\speaker_id_project\data\raw_readable\LibriSpeech\dev-clean\2803\154320\2803-154320-0008.flac,True
unknown_test,2803,2803-154320-0009,C:\Users\ben04\Desktop\speaker_id_project\data\raw_readable\LibriSpeech\dev-clean\2803\154320\2803-154320-0009.flac,True
unknown_test,2803,2803-154320-0010,C:\Users\ben04\Desktop\speaker_id_project\data\raw_readable\LibriSpeech\dev-clean\2803\154320\2803-154320-0010.flac,True
unknown_test,2803,2803-154320-0011,C:\Users\ben04\Desktop\speaker_id_project\data\raw_readable\LibriSpeech\dev-clean\2803\154320\2803-154320-0011.flac,True
